variant,stage,seconds_after_reset,private_mib,working_set_mib,renderer_private_mib,gpu_private_mib,js_heap_mib,atlas_bitmap_mib,atlas_fallback_mib,atlas_artwork_mib,live_bitmaps,bitmap_created,bitmap_closed,bitmap_close_calls,bitmap_created_mib,bitmap_closed_mib,http_requests,http_mib,idb_reads,decode_count,reset_frames,reset_max_frame_ms,camera_x,camera_y,camera_scale,canvas_width,canvas_height,dpr,js_errors
A_control,campaign_home_baseline,-1.0,317.26,576.45,131.61,111.32,0.87,0.00,0.00,0.00,0,0,0,0,0.00,0.00,0,0.000,0,0,0,0.000,0.000,0.000,0.750000,1,1,1.000,0
A_control,scene_settled,-1.0,388.37,659.82,166.69,141.63,1.35,3.44,0.00,0.00,9,9,0,0,3.44,0.00,0,0.000,9,9,0,0.000,-792.683,-426.829,0.082000,950,890,1.000,0
A_control,before_release,-1.0,711.98,883.96,300.38,319.16,1.98,116.22,0.00,0.00,204,536,332,332,331.67,215.45,0,0.000,543,536,0,0.000,263.705,2804.550,0.868818,950,890,1.000,0
A_control,before_surface_action,0.0,558.67,739.13,151.36,319.16,1.56,0.00,0.00,0.00,0,536,536,536,331.67,331.67,0,0.000,543,536,0,0.000,263.705,2804.550,0.868818,1,1,1.000,0
A_control,after_1_5s,1.5,558.72,739.03,151.35,319.07,1.57,0.00,0.00,0.00,0,536,536,536,331.67,331.67,0,0.000,543,536,12,16.700,263.705,2804.550,0.868818,1,1,1.000,0
A_control,after_10s,10.0,379.56,609.46,99.98,190.47,1.56,0.00,0.00,0.00,0,536,536,536,331.67,331.67,0,0.000,543,536,12,16.700,263.705,2804.550,0.868818,1,1,1.000,0
B_backing_store_reset,campaign_home_baseline,-1.0,336.66,622.79,147.09,110.52,0.87,0.00,0.00,0.00,0,0,0,0,0.00,0.00,0,0.000,0,0,0,0.000,0.000,0.000,0.750000,1,1,1.000,0
B_backing_store_reset,scene_settled,-1.0,397.53,678.46,165.91,140.86,1.25,3.44,0.00,0.00,9,9,0,0,3.44,0.00,0,0.000,9,9,0,0.000,-792.683,-426.829,0.082000,950,890,1.000,0
B_backing_store_reset,before_release,-1.0,705.14,961.96,303.66,311.73,3.03,116.35,0.00,0.00,200,538,338,338,331.73,215.37,0,0.000,551,538,0,0.000,257.120,2790.567,0.869267,950,890,1.000,0
B_backing_store_reset,before_surface_action,0.0,696.81,954.44,295.32,311.73,1.61,116.35,0.00,0.00,200,538,338,338,331.73,215.37,0,0.000,551,538,0,0.000,257.120,2790.567,0.869267,950,890,1.000,0
B_backing_store_reset,after_1_5s,1.5,691.05,945.75,295.32,305.76,1.61,116.35,0.00,0.00,200,538,338,338,331.73,215.37,0,0.000,551,538,1,6.700,257.120,2790.567,0.869267,950,890,1.000,0
B_backing_store_reset,after_10s,10.0,606.25,833.10,241.49,277.04,1.61,116.35,0.00,0.00,200,538,338,338,331.73,215.37,0,0.000,551,538,1,6.700,257.120,2790.567,0.869267,950,890,1.000,0
C_canvas_context_replacement,campaign_home_baseline,-1.0,304.40,561.00,127.29,110.54,0.87,0.00,0.00,0.00,0,0,0,0,0.00,0.00,0,0.000,0,0,0,0.000,0.000,0.000,0.750000,1,1,1.000,0
C_canvas_context_replacement,scene_settled,-1.0,390.82,672.05,164.76,143.70,1.34,3.44,0.00,0.00,9,9,0,0,3.44,0.00,0,0.000,15,9,0,0.000,-792.683,-426.829,0.082000,950,890,1.000,0
C_canvas_context_replacement,before_release,-1.0,778.64,1022.26,297.84,315.39,3.25,116.31,0.00,0.00,202,533,331,331,330.85,214.54,0,0.000,555,533,0,0.000,257.278,2790.904,0.869256,950,890,1.000,0
C_canvas_context_replacement,before_surface_action,0.0,695.16,942.52,290.12,315.39,1.60,116.31,0.00,0.00,202,533,331,331,330.85,214.54,0,0.000,555,533,0,0.000,257.278,2790.904,0.869256,950,890,1.000,0
C_canvas_context_replacement,after_1_5s,1.5,691.53,942.65,290.12,311.55,1.61,116.31,0.00,0.00,202,533,331,331,330.85,214.54,0,0.000,555,533,2,16.600,257.278,2790.904,0.869256,950,890,1.000,0
C_canvas_context_replacement,after_10s,10.0,619.93,827.77,236.49,294.44,1.61,116.31,0.00,0.00,202,533,331,331,330.85,214.54,0,0.000,555,533,2,16.600,257.278,2790.904,0.869256,950,890,1.000,0
D_page_reload,campaign_home_baseline,-1.0,306.14,562.11,130.55,109.89,0.87,0.00,0.00,0.00,0,0,0,0,0.00,0.00,0,0.000,0,0,0,0.000,0.000,0.000,0.750000,1,1,1.000,0
D_page_reload,scene_settled,-1.0,375.25,633.06,141.55,143.38,1.28,3.44,0.00,0.00,9,9,0,0,3.44,0.00,0,0.000,15,9,0,0.000,-792.683,-426.829,0.082000,950,890,1.000,0
D_page_reload,before_release,-1.0,703.05,807.64,300.81,312.07,1.98,116.40,0.00,0.00,204,540,336,336,332.63,216.23,0,0.000,551,540,0,0.000,249.294,2773.742,0.869803,950,890,1.000,0
D_page_reload,before_surface_action,0.0,557.14,667.45,153.69,313.81,1.56,0.00,0.00,0.00,0,540,540,540,332.63,332.63,0,0.000,551,540,0,0.000,249.294,2773.742,0.869803,1,1,1.000,0
D_page_reload,after_1_5s,1.5,533.94,654.83,149.71,296.97,0.89,0.00,0.00,0.00,0,0,0,0,0.00,0.00,10,0.187,0,0,14,51.000,0.000,0.000,0.750000,1,1,1.000,0
D_page_reload,after_10s,10.0,340.51,544.31,96.21,155.85,0.90,0.00,0.00,0.00,0,0,0,0,0.00,0.00,10,0.187,0,0,14,51.000,0.000,0.000,0.750000,1,1,1.000,0
